issue_id	comment_created_at	comment_by
53483066	68828950	2015-01-06 05:46:59	68828950
53483066	68829980	2015-01-06 06:05:25	68829980
53469378	68812475	2015-01-06 01:23:38	68812475
53418262	68750474	2015-01-05 18:18:15	68750474
53317513	68612616	2015-01-03 22:44:48	68612616
53317513	68612664	2015-01-03 22:46:16	68612664
53306826	68603612	2015-01-03 18:05:40	68603612
53305665	68598925	2015-01-03 15:50:49	68598925
53305665	68611539	2015-01-03 22:08:44	68611539
53305665	68612246	2015-01-03 22:31:39	68612246
53146183	68397855	2014-12-30 21:00:39	68397855
53146183	68397990	2014-12-30 21:01:56	68397990
53146183	68398240	2014-12-30 21:04:27	68398240
53146183	68398760	2014-12-30 21:10:01	68398760
53146183	68398820	2014-12-30 21:10:43	68398820
53146183	68414796	2014-12-31 00:46:17	68414796
53037174	68254999	2014-12-29 12:54:05	68254999
53037174	68255082	2014-12-29 12:55:40	68255082
53037174	68268394	2014-12-29 15:50:14	68268394
53037174	68442142	2014-12-31 13:39:21	68442142
53037174	68493599	2015-01-01 18:15:56	68493599
53033779	68267703	2014-12-29 15:42:30	68267703
53033251	68269720	2014-12-29 16:03:58	68269720
53033251	68270585	2014-12-29 16:13:49	68270585
53033251	68362531	2014-12-30 14:56:34	68362531
53033251	68389928	2014-12-30 19:43:24	68389928
53033251	68450156	2014-12-31 15:57:51	68450156
53033251	68463898	2014-12-31 19:28:52	68463898
53033251	68493868	2015-01-01 18:26:02	68493868
53033251	68494853	2015-01-01 19:03:02	68494853
53033251	68504099	2015-01-02 00:54:53	68504099
53033251	68516817	2015-01-02 09:55:43	68516817
53033251	68548215	2015-01-02 18:16:33	68548215
53033251	68612528	2015-01-03 22:41:33	68612528
53033251	68642712	2015-01-04 18:19:52	68642712
53032705	68248246	2014-12-29 10:55:42	68248246
53015222	68226851	2014-12-29 01:51:58	68226851
53015222	68230399	2014-12-29 03:41:13	68230399
53015222	68252966	2014-12-29 12:18:31	68252966
53014821	68230225	2014-12-29 03:34:46	68230225
53011138	68222094	2014-12-28 22:38:35	68222094
53011036	68222143	2014-12-28 22:40:40	68222143
52969198	68213764	2014-12-28 17:42:18	68213764
52969198	68220126	2014-12-28 21:28:47	68220126
52969198	68222348	2014-12-28 22:47:47	68222348
52853471	68214190	2014-12-28 17:58:38	68214190
52853471	68227066	2014-12-29 01:56:56	68227066
52853471	68230622	2014-12-29 03:48:56	68230622
52833661	68071373	2014-12-24 19:42:19	68071373
52766403	68000533	2014-12-23 21:29:13	68000533
52766403	68047403	2014-12-24 11:47:27	68047403
52766403	68050114	2014-12-24 12:44:09	68050114
52698991	67954889	2014-12-23 14:19:22	67954889
52698991	68076160	2014-12-24 22:05:02	68076160
52698991	68214380	2014-12-28 18:07:55	68214380
52671552	67896829	2014-12-22 22:12:11	67896829
52656190	67889049	2014-12-22 21:00:57	67889049
52656190	67896260	2014-12-22 22:07:02	67896260
52656190	67971833	2014-12-23 16:47:23	67971833
52656190	67973955	2014-12-23 17:06:18	67973955
52656190	67981182	2014-12-23 18:13:03	67981182
52594530	67771536	2014-12-21 14:08:14	67771536
52594530	67774303	2014-12-21 15:46:57	67774303
52594530	67774729	2014-12-21 16:01:09	67774729
52495256	67749722	2014-12-20 21:06:25	67749722
52495256	67827056	2014-12-22 11:23:22	67827056
51898824	66895245	2014-12-13 23:06:19	66895245
51898824	66969404	2014-12-15 09:40:26	66969404
51898824	66970475	2014-12-15 09:49:27	66970475
51886380	66895174	2014-12-13 23:04:07	66895174
51167249	65903595	2014-12-06 16:12:59	65903595
51057436	65754249	2014-12-05 06:57:48	65754249
51057436	65881906	2014-12-06 02:26:44	65881906
51057436	65903551	2014-12-06 16:12:01	65903551
50768911	65355032	2014-12-03 04:43:11	65355032
50514200	65120052	2014-12-01 19:27:17	65120052
50514200	65224946	2014-12-02 12:39:15	65224946
50514200	65342646	2014-12-03 02:23:03	65342646
50514200	65788221	2014-12-05 13:17:06	65788221
50514200	65819565	2014-12-05 17:01:48	65819565
50514200	65894883	2014-12-06 12:16:05	65894883
50514200	65903843	2014-12-06 16:20:00	65903843
50429518	64959022	2014-11-29 17:33:39	64959022
50429518	65007756	2014-12-01 00:29:13	65007756
49692599	64027951	2014-11-21 19:53:04	64027951
49692599	64028129	2014-11-21 19:54:14	64028129
49692599	64053767	2014-11-21 23:22:09	64053767
49692599	64980480	2014-11-30 09:47:22	64980480
49692599	64997774	2014-11-30 19:58:42	64997774
49692599	65937572	2014-12-07 13:37:24	65937572
49639872	64105622	2014-11-23 03:49:46	64105622
49639872	65651705	2014-12-04 15:47:34	65651705
49639872	65728584	2014-12-05 00:23:46	65728584
49545307	63815366	2014-11-20 14:28:05	63815366
49545307	63895229	2014-11-20 22:53:30	63895229
49545307	64026942	2014-11-21 19:46:09	64026942
49162717	63400311	2014-11-18 00:03:39	63400311
49162717	63426427	2014-11-18 05:58:41	63426427
49162717	63428213	2014-11-18 06:27:38	63428213
49162717	63428286	2014-11-18 06:28:37	63428286
49162717	63428703	2014-11-18 06:35:16	63428703
49162717	63430905	2014-11-18 07:11:41	63430905
49162717	63436993	2014-11-18 08:31:41	63436993
49162717	63497026	2014-11-18 16:19:11	63497026
49162717	63499698	2014-11-18 16:33:36	63499698
49162717	63517521	2014-11-18 18:14:19	63517521
49162717	68218320	2014-12-28 20:25:51	68218320
48939614	63204782	2014-11-16 05:06:13	63204782
48939614	63204824	2014-11-16 05:08:04	63204824
48939614	63241323	2014-11-16 21:52:32	63241323
48939614	63241484	2014-11-16 21:56:28	63241484
48929589	63190420	2014-11-15 20:31:17	63190420
48929589	63191906	2014-11-15 20:47:31	63191906
48929589	63193042	2014-11-15 21:18:20	63193042
48929589	63194213	2014-11-15 21:54:23	63194213
48927353	63185455	2014-11-15 19:41:10	63185455
48927353	63191168	2014-11-15 20:39:42	63191168
48927353	63191996	2014-11-15 20:48:22	63191996
48927353	63193382	2014-11-15 21:29:09	63193382
48927353	63194129	2014-11-15 21:52:20	63194129
48927334	63185765	2014-11-15 19:43:33	63185765
48884676	63186350	2014-11-15 19:50:34	63186350
48796163	63151739	2014-11-15 00:48:12	63151739
48796163	63183120	2014-11-15 18:42:36	63183120
48796163	63186038	2014-11-15 19:46:30	63186038
48779280	63095493	2014-11-14 17:02:20	63095493
48779280	63100449	2014-11-14 17:35:24	63100449
48779280	63112357	2014-11-14 19:00:34	63112357
48779280	63150677	2014-11-15 00:31:31	63150677
48649793	63019682	2014-11-14 07:32:42	63019682
48649793	63242435	2014-11-16 22:20:24	63242435
48649793	63242728	2014-11-16 22:28:00	63242728
48344967	62503785	2014-11-11 05:25:25	62503785
48344967	62548516	2014-11-11 13:48:58	62548516
48344967	62572746	2014-11-11 16:26:55	62572746
47884142	61899198	2014-11-05 23:10:44	61899198
47814988	61847124	2014-11-05 17:27:24	61847124
47762109	61764068	2014-11-05 06:09:10	61764068
47762109	61765710	2014-11-05 06:33:44	61765710
47610331	61510656	2014-11-03 17:03:55	61510656
47610331	61708547	2014-11-04 20:28:20	61708547
47610331	61751326	2014-11-05 02:38:58	61751326
47610331	61752436	2014-11-05 02:53:50	61752436
47610331	63169673	2014-11-15 11:46:42	63169673
47610331	63186269	2014-11-15 19:49:38	63186269
47542529	61416566	2014-11-02 18:04:14	61416566
47542529	61418130	2014-11-02 18:45:04	61418130
47542529	61418290	2014-11-02 18:49:15	61418290
47491069	61869219	2014-11-05 19:46:19	61869219
47491069	63126932	2014-11-14 20:50:29	63126932
47491069	63128518	2014-11-14 21:02:36	63128518
47491069	63131885	2014-11-14 21:29:15	63131885
47491069	63151361	2014-11-15 00:41:48	63151361
47273603	61124636	2014-10-30 16:40:15	61124636
47273603	61128293	2014-10-30 17:01:00	61128293
47273603	61147984	2014-10-30 18:44:56	61147984
47273603	61244151	2014-10-31 10:45:49	61244151
47273603	61281989	2014-10-31 15:57:00	61281989
46930091	68630473	2015-01-04 12:00:56	68630473
45592988	58821659	2014-10-12 20:41:58	58821659
45592988	58822623	2014-10-12 21:11:03	58822623
45592988	58849527	2014-10-13 06:08:19	58849527
45592988	58940370	2014-10-13 19:14:00	58940370
45592988	58942334	2014-10-13 19:29:22	58942334
45592988	58947827	2014-10-13 20:12:09	58947827
45592988	59015015	2014-10-14 09:43:14	59015015
45592988	59077496	2014-10-14 16:48:55	59077496
45592988	59096999	2014-10-14 18:54:07	59096999
45592988	59101985	2014-10-14 19:27:49	59101985
45533978	58762517	2014-10-11 20:00:49	58762517
45533978	58820909	2014-10-12 20:20:58	58820909
45533978	58821807	2014-10-12 20:46:10	58821807
45533978	58821832	2014-10-12 20:47:04	58821832
45533978	58860602	2014-10-13 08:22:27	58860602
45533978	58919339	2014-10-13 16:40:59	58919339
45533978	59003756	2014-10-14 08:03:50	59003756
45533978	59078924	2014-10-14 16:57:25	59078924
45533978	59891152	2014-10-21 07:50:07	59891152
45533978	60012816	2014-10-21 23:00:41	60012816
45533978	60015777	2014-10-21 23:31:21	60015777
45533978	60016686	2014-10-21 23:42:07	60016686
45533978	60040291	2014-10-22 05:59:26	60040291
45533978	60040549	2014-10-22 06:03:19	60040549
45533978	60041363	2014-10-22 06:15:56	60041363
45533978	60043103	2014-10-22 06:44:22	60043103
45533978	60158088	2014-10-22 21:24:38	60158088
45533978	60158747	2014-10-22 21:28:45	60158747
45533978	60474615	2014-10-25 07:31:24	60474615
45533978	60492003	2014-10-25 18:22:18	60492003
45533978	61385012	2014-11-01 21:49:33	61385012
45533978	65232956	2014-12-02 13:51:42	65232956
45487593	58692951	2014-10-10 17:59:23	58692951
45487593	58711501	2014-10-10 20:25:25	58711501
45487593	58741186	2014-10-11 07:29:01	58741186
45487593	58761566	2014-10-11 19:30:47	58761566
45487593	58761734	2014-10-11 19:36:21	58761734
45487593	58762118	2014-10-11 19:49:05	58762118
45487593	58762282	2014-10-11 19:53:46	58762282
45487593	58762388	2014-10-11 19:56:08	58762388
44892742	57920973	2014-10-04 22:51:05	57920973
44892742	57921052	2014-10-04 22:54:57	57921052
44892742	57931427	2014-10-05 09:50:50	57931427
44892742	57939604	2014-10-05 15:30:36	57939604
44660395	57656583	2014-10-02 16:26:48	57656583
44660395	57847027	2014-10-03 19:50:48	57847027
43348027	56315758	2014-09-21 22:49:56	56315758
43348027	56316041	2014-09-21 23:00:27	56316041
43348027	56316679	2014-09-21 23:25:15	56316679
43348027	56544836	2014-09-23 16:06:48	56544836
42477912	55211786	2014-09-11 02:28:41	55211786
42477912	55309631	2014-09-11 18:48:16	55309631
42477912	55312610	2014-09-11 19:09:39	55312610
42477912	58805068	2014-10-12 15:34:02	58805068
42477912	58818790	2014-10-12 19:37:27	58818790
42477912	61777930	2014-11-05 09:05:03	61777930
42477301	55208482	2014-09-11 01:36:42	55208482
42477301	55209841	2014-09-11 01:57:15	55209841
42477301	55313598	2014-09-11 19:17:24	55313598
42177139	54858459	2014-09-08 17:43:27	54858459
42177139	54873251	2014-09-08 19:24:27	54873251
41072847	53288038	2014-08-25 16:30:04	53288038
41072847	53289195	2014-08-25 16:39:23	53289195
41072847	53290590	2014-08-25 16:51:20	53290590
41072847	53293774	2014-08-25 17:14:31	53293774
41072847	53294829	2014-08-25 17:21:20	53294829
41072847	53302812	2014-08-25 18:06:17	53302812
41072847	53311346	2014-08-25 19:00:33	53311346
41072847	53314345	2014-08-25 19:21:42	53314345
41072847	53353316	2014-08-25 23:45:19	53353316
41072847	53447105	2014-08-26 16:16:23	53447105
41072847	53449525	2014-08-26 16:32:41	53449525
41072847	53575583	2014-08-27 13:56:44	53575583
41072847	53579289	2014-08-27 14:22:22	53579289
41072847	55111795	2014-09-10 13:06:48	55111795
41072847	55219853	2014-09-11 05:05:11	55219853
41072847	55261921	2014-09-11 13:18:22	55261921
41072847	55483953	2014-09-13 07:02:55	55483953
41072847	55496737	2014-09-13 15:12:27	55496737
41072847	55503026	2014-09-13 18:50:11	55503026
41015663	53350488	2014-08-25 23:13:20	53350488
41015663	58256251	2014-10-07 20:32:27	58256251
41015663	58287386	2014-10-08 00:42:14	58287386
41015663	58434998	2014-10-08 22:00:40	58434998
41015663	58438439	2014-10-08 22:29:51	58438439
40549737	52582290	2014-08-19 02:15:47	52582290
40549737	52584732	2014-08-19 02:58:02	52584732
40549737	52591191	2014-08-19 05:11:01	52591191
40549737	52706191	2014-08-19 22:05:41	52706191
40549737	52706771	2014-08-19 22:11:04	52706771
40549737	52715026	2014-08-19 23:32:13	52715026
40549737	52716196	2014-08-19 23:48:11	52716196
40549737	52721113	2014-08-20 00:45:19	52721113
40549737	52737358	2014-08-20 06:05:37	52737358
40293776	52237614	2014-08-14 20:13:38	52237614
40293776	52271045	2014-08-15 03:26:34	52271045
40293776	52273216	2014-08-15 04:20:39	52273216
40293776	52296317	2014-08-15 11:20:36	52296317
40293776	52345045	2014-08-15 19:01:53	52345045
40293776	52349520	2014-08-15 19:45:06	52349520
40293776	52377973	2014-08-16 01:17:19	52377973
40293776	52378181	2014-08-16 01:24:41	52378181
40293776	52378562	2014-08-16 01:37:26	52378562
40293776	61267178	2014-10-31 14:24:05	61267178
40293776	61281580	2014-10-31 15:54:31	61281580
40293776	61290686	2014-10-31 16:47:50	61290686
40293776	61319123	2014-10-31 19:44:35	61319123
40293776	62376135	2014-11-10 12:13:28	62376135
40293776	62417380	2014-11-10 17:08:51	62417380
40293776	62437773	2014-11-10 19:16:07	62437773
40293776	62442689	2014-11-10 19:47:15	62442689
38823876	50245390	2014-07-26 18:59:50	50245390
38040202	49253928	2014-07-17 03:08:38	49253928
38040202	49254306	2014-07-17 03:16:30	49254306
37980381	49204318	2014-07-16 18:09:39	49204318
37980381	49206322	2014-07-16 18:24:37	49206322
37825978	48986339	2014-07-15 03:22:48	48986339
37825978	49064703	2014-07-15 17:22:54	49064703
37825978	49065156	2014-07-15 17:26:45	49065156
37825978	49065658	2014-07-15 17:30:48	49065658
37825978	49065899	2014-07-15 17:32:48	49065899
37824972	48955549	2014-07-14 20:33:11	48955549
37824972	48986688	2014-07-15 03:30:11	48986688
37824972	49001131	2014-07-15 07:54:31	49001131
37824972	49009847	2014-07-15 09:34:39	49009847
37824197	48986777	2014-07-15 03:32:08	48986777
37824197	48987315	2014-07-15 03:43:44	48987315
37824197	49069770	2014-07-15 18:03:19	49069770
37824197	49071854	2014-07-15 18:19:48	49071854
37824197	49073431	2014-07-15 18:31:18	49073431
37824197	49073719	2014-07-15 18:33:27	49073719
37748428	48853028	2014-07-13 21:59:20	48853028
37748428	49053265	2014-07-15 15:57:09	49053265
37726734	48828179	2014-07-13 00:42:45	48828179
37726734	48834390	2014-07-13 07:59:06	48834390
37726734	48845681	2014-07-13 16:48:28	48845681
37726734	49071171	2014-07-15 18:14:25	49071171
37726734	49072007	2014-07-15 18:20:58	49072007
36651246	47363222	2014-06-27 15:43:11	47363222
36651246	47371779	2014-06-27 16:37:11	47371779
36651246	47383931	2014-06-27 18:25:53	47383931
36651246	47395985	2014-06-27 20:22:54	47395985
36651246	47662158	2014-07-01 14:24:14	47662158
36651246	47678389	2014-07-01 16:29:38	47678389
36251259	46794128	2014-06-22 21:52:00	46794128
36244429	46786550	2014-06-22 17:07:17	46786550
36244429	63202536	2014-11-16 03:21:23	63202536
36209553	46735918	2014-06-20 23:14:11	46735918
36209553	46736205	2014-06-20 23:19:39	46736205
35888296	52042082	2014-08-13 12:36:25	52042082
35778587	46175765	2014-06-16 13:11:12	46175765
35778587	46790226	2014-06-22 19:27:05	46790226
35778587	46915959	2014-06-23 23:39:15	46915959
35778587	46941064	2014-06-24 07:44:52	46941064
35778587	46990338	2014-06-24 15:55:26	46990338
35778587	47073295	2014-06-25 08:22:42	47073295
35778587	47130468	2014-06-25 17:06:14	47130468
35757643	46133693	2014-06-16 01:06:06	46133693
35757643	46147063	2014-06-16 07:09:00	46147063
35757643	46175156	2014-06-16 13:05:05	46175156
35757643	48187599	2014-07-07 14:45:11	48187599
35565673	45894377	2014-06-12 13:58:28	45894377
35565673	45900311	2014-06-12 14:42:18	45900311
35486029	45764062	2014-06-11 16:18:52	45764062
35486029	53201833	2014-08-24 18:12:13	53201833
35486029	53201910	2014-08-24 18:15:10	53201910
35301183	45544317	2014-06-09 21:07:04	45544317
35301183	45604824	2014-06-10 12:05:09	45604824
35301183	45622999	2014-06-10 14:46:33	45622999
35301183	45632138	2014-06-10 15:48:20	45632138
35301183	45690393	2014-06-11 00:52:09	45690393
35103153	45290240	2014-06-06 00:08:18	45290240
35103153	45411566	2014-06-07 14:36:24	45411566
34818471	44906467	2014-06-03 00:11:47	44906467
34818471	45434339	2014-06-08 11:16:06	45434339
34818471	45437390	2014-06-08 13:57:49	45437390
34818471	45444635	2014-06-08 18:39:52	45444635
34818471	45446341	2014-06-08 19:43:26	45446341
34818471	45477213	2014-06-09 10:11:38	45477213
34818471	45496718	2014-06-09 14:31:43	45496718
34818471	55205449	2014-09-11 00:49:40	55205449
34818209	44906339	2014-06-03 00:09:54	44906339
34818209	55994050	2014-09-18 04:34:40	55994050
34818209	55994261	2014-09-18 04:38:41	55994261
34818209	55994852	2014-09-18 04:53:26	55994852
34818209	55996234	2014-09-18 05:23:48	55996234
34759120	44859657	2014-06-02 16:29:49	44859657
34759120	62311820	2014-11-09 17:41:45	62311820
34759120	62313522	2014-11-09 18:28:39	62313522
34759120	62321509	2014-11-09 21:52:53	62321509
34759120	68198943	2014-12-28 05:36:16	68198943
34759120	68214442	2014-12-28 18:10:14	68214442
34593297	44586918	2014-05-29 21:22:20	44586918
34593297	44591453	2014-05-29 22:04:16	44591453
34593297	44609306	2014-05-30 02:40:36	44609306
34593297	44675086	2014-05-30 17:10:10	44675086
34593297	44788741	2014-06-01 20:45:03	44788741
34593297	44789415	2014-06-01 21:09:03	44789415
34261940	44139562	2014-05-25 16:49:47	44139562
34122459	43945189	2014-05-22 21:17:21	43945189
34122459	43958939	2014-05-23 00:12:26	43958939
34122459	43966330	2014-05-23 02:45:02	43966330
34120125	66681667	2014-12-11 20:19:29	66681667
34104986	43937347	2014-05-22 20:05:48	43937347
34104986	43940739	2014-05-22 20:36:06	43940739
33875357	43649306	2014-05-20 16:28:39	43649306
33470173	43098216	2014-05-14 15:47:10	43098216
33470173	66611284	2014-12-11 12:19:27	66611284
33470173	66698813	2014-12-11 22:13:08	66698813
33276864	42793887	2014-05-12 03:39:43	42793887
33276864	42822293	2014-05-12 11:46:29	42822293
33276864	42846325	2014-05-12 15:26:02	42846325
33159328	42704279	2014-05-09 19:26:59	42704279
33159328	42738098	2014-05-10 10:18:54	42738098
33159328	42753041	2014-05-10 20:14:48	42753041
32874477	42329382	2014-05-06 17:01:05	42329382
32874477	68783220	2015-01-05 21:18:32	68783220
32557718	41858404	2014-04-30 22:17:53	41858404
32557718	41858598	2014-04-30 22:19:48	41858598
32557718	41896261	2014-05-01 09:50:03	41896261
32557718	41909702	2014-05-01 13:30:07	41909702
32557718	41921880	2014-05-01 15:41:11	41921880
32557718	42184787	2014-05-05 13:00:28	42184787
32557718	42222098	2014-05-05 18:41:18	42222098
32557718	42283334	2014-05-06 09:41:55	42283334
32557718	42303831	2014-05-06 13:48:52	42303831
32557718	42305660	2014-05-06 14:03:56	42305660
32557718	42310122	2014-05-06 14:36:40	42310122
32557718	42312294	2014-05-06 14:51:24	42312294
32557718	68643449	2015-01-04 18:40:32	68643449
32557718	68660000	2015-01-05 01:50:59	68660000
32557031	41838290	2014-04-30 19:21:27	41838290
32557031	41877640	2014-05-01 03:49:32	41877640
32557031	42099447	2014-05-03 08:26:54	42099447
32557031	42178884	2014-05-05 11:31:29	42178884
32557031	42223457	2014-05-05 18:51:42	42223457
32505819	41777615	2014-04-30 09:33:43	41777615
32505819	41820313	2014-04-30 16:49:43	41820313
32505819	42274269	2014-05-06 07:29:46	42274269
32505819	42319529	2014-05-06 15:43:36	42319529
32505819	43696492	2014-05-20 23:33:14	43696492
32488619	41739027	2014-04-29 22:14:48	41739027
32488619	41741185	2014-04-29 22:40:13	41741185
32488619	41750156	2014-04-30 00:57:44	41750156
32488619	45205211	2014-06-05 10:49:46	45205211
32488619	63175289	2014-11-15 15:09:36	63175289
32488619	63186159	2014-11-15 19:48:08	63186159
32488619	66952091	2014-12-15 05:41:14	66952091
32299496	41488043	2014-04-27 04:15:36	41488043
32299496	41509377	2014-04-27 21:14:54	41509377
32299496	53157083	2014-08-23 16:04:37	53157083
32299496	53158101	2014-08-23 16:40:11	53158101
32299496	53158727	2014-08-23 17:00:30	53158727
32299496	53163255	2014-08-23 19:40:30	53163255
32299496	53163276	2014-08-23 19:41:17	53163276
32299496	61016763	2014-10-29 22:32:56	61016763
32299496	61019378	2014-10-29 22:54:28	61019378
32299496	61958560	2014-11-06 10:31:03	61958560
32299496	62012163	2014-11-06 16:57:44	62012163
32299496	62219820	2014-11-07 21:44:18	62219820
32299496	62221392	2014-11-07 21:57:41	62221392
32299496	64936448	2014-11-29 00:35:16	64936448
32299496	64937415	2014-11-29 01:12:30	64937415
32299496	64943723	2014-11-29 06:55:44	64943723
32299496	64954898	2014-11-29 15:18:42	64954898
32299496	64967446	2014-11-29 22:19:23	64967446
32299496	64981608	2014-11-30 10:40:16	64981608
32295183	41478657	2014-04-26 19:43:00	41478657
32295183	41480366	2014-04-26 20:45:58	41480366
32295183	41486924	2014-04-27 02:47:28	41486924
32295183	41487162	2014-04-27 03:07:36	41487162
32295183	41489175	2014-04-27 05:58:18	41489175
32158164	41297118	2014-04-24 15:54:19	41297118
32000830	41088207	2014-04-22 20:00:18	41088207
32000830	41096096	2014-04-22 21:09:49	41096096
32000830	41098484	2014-04-22 21:31:37	41098484
32000830	41102558	2014-04-22 22:13:01	41102558
32000830	41279613	2014-04-24 13:29:46	41279613
32000830	41296853	2014-04-24 15:52:18	41296853
32000830	41378875	2014-04-25 10:28:02	41378875
32000830	41411047	2014-04-25 16:17:51	41411047
32000830	41413654	2014-04-25 16:42:45	41413654
32000830	41415773	2014-04-25 17:03:15	41415773
32000830	41427153	2014-04-25 18:53:05	41427153
32000830	41427770	2014-04-25 18:58:49	41427770
32000830	41594107	2014-04-28 18:20:30	41594107
32000830	41801861	2014-04-30 14:21:31	41801861
32000830	41827608	2014-04-30 17:54:50	41827608
32000830	41833922	2014-04-30 18:46:15	41833922
32000830	41836884	2014-04-30 19:09:22	41836884
32000830	49363400	2014-07-17 20:48:08	49363400
32000830	61385147	2014-11-01 21:53:18	61385147
32000830	61398817	2014-11-02 09:04:56	61398817
31931644	40988446	2014-04-21 23:26:33	40988446
31854706	40881958	2014-04-19 22:06:19	40881958
31854706	40883753	2014-04-19 23:45:39	40883753
31854706	40884339	2014-04-20 00:16:54	40884339
31854706	40935985	2014-04-21 13:43:18	40935985
31741656	40744520	2014-04-17 18:10:39	40744520
31741656	40750750	2014-04-17 19:06:32	40750750
31741178	40733543	2014-04-17 16:26:34	40733543
31670791	40659792	2014-04-16 22:20:14	40659792
31670791	40824806	2014-04-18 17:03:04	40824806
31670791	40825398	2014-04-18 17:10:21	40825398
31670791	40825908	2014-04-18 17:15:42	40825908
31670791	40826179	2014-04-18 17:18:57	40826179
31670791	40827522	2014-04-18 17:35:10	40827522
31670791	40827597	2014-04-18 17:36:13	40827597
31670791	40828001	2014-04-18 17:41:21	40828001
31670791	40840984	2014-04-18 20:20:36	40840984
31421894	40318652	2014-04-13 20:26:07	40318652
31421894	40318775	2014-04-13 20:30:12	40318775
31364203	40255913	2014-04-11 21:38:31	40255913
31364203	40268066	2014-04-12 01:19:22	40268066
31364203	40270606	2014-04-12 03:30:12	40270606
31364203	40270750	2014-04-12 03:39:15	40270750
31104455	39930492	2014-04-09 05:43:31	39930492
31104455	40017869	2014-04-09 21:19:52	40017869
31104455	40293013	2014-04-12 22:04:44	40293013
31104455	40648413	2014-04-16 20:32:07	40648413
31104455	40660097	2014-04-16 22:24:23	40660097
31103265	40293768	2014-04-12 22:45:32	40293768
31103265	40309397	2014-04-13 14:55:23	40309397
31012303	39771097	2014-04-07 19:13:18	39771097
31012303	40008014	2014-04-09 19:45:45	40008014
31012303	40022290	2014-04-09 22:04:41	40022290
30943772	39689099	2014-04-07 01:02:42	39689099
30943772	39721626	2014-04-07 11:59:58	39721626
30943772	39721917	2014-04-07 12:03:59	39721917
30943772	39762090	2014-04-07 17:57:56	39762090
30943772	39930661	2014-04-09 05:48:04	39930661
30943772	40018455	2014-04-09 21:25:18	40018455
30943772	40108076	2014-04-10 16:37:21	40108076
30943772	40119742	2014-04-10 18:18:11	40119742
30943772	40123144	2014-04-10 18:46:50	40123144
30943772	40123967	2014-04-10 18:53:26	40123967
30943772	40189973	2014-04-11 10:23:46	40189973
30943772	40191276	2014-04-11 10:43:21	40191276
30943772	40228528	2014-04-11 17:28:46	40228528
30943772	40229328	2014-04-11 17:36:35	40229328
30943772	40246118	2014-04-11 19:47:11	40246118
30943772	40247269	2014-04-11 19:59:34	40247269
30885841	40272796	2014-04-12 06:02:36	40272796
30885841	40272953	2014-04-12 06:14:25	40272953
30885841	40273282	2014-04-12 06:40:10	40273282
30885841	54463440	2014-09-04 12:13:22	54463440
30885272	39600596	2014-04-04 19:11:25	39600596
30095184	38532161	2014-03-25 05:30:10	38532161
30095184	38534117	2014-03-25 06:19:39	38534117
30095184	38600066	2014-03-25 18:09:19	38600066
30095184	38600725	2014-03-25 18:14:36	38600725
30095184	38669082	2014-03-26 10:38:36	38669082
30095184	38797589	2014-03-27 12:42:26	38797589
30095184	38885628	2014-03-28 03:22:26	38885628
30095184	38907715	2014-03-28 10:56:36	38907715
30095184	38920735	2014-03-28 13:53:46	38920735
30095184	38930622	2014-03-28 15:19:02	38930622
30095184	38930937	2014-03-28 15:21:30	38930937
30095184	38932598	2014-03-28 15:35:38	38932598
30095184	38976455	2014-03-28 22:54:32	38976455
30095184	38976780	2014-03-28 22:59:59	38976780
30095184	38976984	2014-03-28 23:03:22	38976984
30095184	38984606	2014-03-29 02:36:46	38984606
30095184	38986892	2014-03-29 04:46:58	38986892
30095184	38987024	2014-03-29 04:55:14	38987024
30095184	39001693	2014-03-29 17:03:45	39001693
30095184	39012355	2014-03-29 23:18:31	39012355
30095184	39014265	2014-03-30 00:56:11	39014265
30095184	47385763	2014-06-27 18:42:32	47385763
30095184	47616161	2014-07-01 04:36:54	47616161
29775283	39752278	2014-04-07 16:29:41	39752278
29775283	39760830	2014-04-07 17:47:31	39760830
29775283	68703791	2015-01-05 12:51:43	68703791
29353781	39411063	2014-04-03 04:11:34	39411063
29353781	39439886	2014-04-03 11:23:12	39439886
29348289	37578081	2014-03-13 19:45:53	37578081
29348289	37603730	2014-03-14 00:28:51	37603730
29348289	38385288	2014-03-23 15:17:16	38385288
29348289	38387100	2014-03-23 16:16:24	38387100
29348289	38395031	2014-03-23 19:56:27	38395031
29348289	38404746	2014-03-24 01:21:13	38404746
29348289	39837967	2014-04-08 11:39:32	39837967
29348289	39867240	2014-04-08 16:05:54	39867240
29348289	40071278	2014-04-10 12:21:03	40071278
29348289	40123280	2014-04-10 18:47:58	40123280
29220932	37355328	2014-03-11 22:40:31	37355328
29220932	37487290	2014-03-13 00:36:25	37487290
29220932	37500221	2014-03-13 04:53:09	37500221
29158687	37305092	2014-03-11 15:00:03	37305092
29158687	37504488	2014-03-13 06:44:41	37504488
29158687	37571737	2014-03-13 18:47:20	37571737
29021482	37111406	2014-03-08 22:05:45	37111406
29021482	37127087	2014-03-09 13:35:22	37127087
29021482	37135635	2014-03-09 19:13:30	37135635
29021482	37435647	2014-03-12 17:10:50	37435647
29012581	37086862	2014-03-08 02:42:34	37086862
29012581	37087093	2014-03-08 02:53:58	37087093
29012581	37087459	2014-03-08 03:10:14	37087459
28717671	36642023	2014-03-04 16:19:20	36642023
28717671	36648842	2014-03-04 17:13:09	36648842
28717671	36714931	2014-03-05 06:47:51	36714931
28717671	36759783	2014-03-05 16:18:10	36759783
28705546	36637589	2014-03-04 15:42:57	36637589
28705546	36763182	2014-03-05 16:40:51	36763182
28705546	36763249	2014-03-05 16:41:22	36763249
28705546	36765052	2014-03-05 16:55:16	36765052
28705546	37521675	2014-03-13 11:14:24	37521675
28705546	37549391	2014-03-13 15:50:31	37549391
28705546	68190769	2014-12-27 21:29:56	68190769
28705546	68214455	2014-12-28 18:10:21	68214455
28673813	36599932	2014-03-04 07:56:45	36599932
28673813	37689087	2014-03-14 19:59:48	37689087
28673813	37693870	2014-03-14 20:49:03	37693870
28673813	39629237	2014-04-05 05:09:59	39629237
28480150	36327036	2014-02-28 07:13:26	36327036
28480150	36332386	2014-02-28 09:01:17	36332386
28480150	36386918	2014-02-28 19:43:00	36386918
28123475	35840357	2014-02-23 19:28:30	35840357
28123475	35841909	2014-02-23 20:16:05	35841909
28123475	35842597	2014-02-23 20:39:15	35842597
28123475	36462421	2014-03-02 18:50:00	36462421
28123475	36466647	2014-03-02 21:01:39	36466647
28123475	36468054	2014-03-02 21:40:01	36468054
28123475	36473526	2014-03-03 00:32:56	36473526
28123475	36515727	2014-03-03 14:42:34	36515727
27767919	35350641	2014-02-18 04:02:42	35350641
27767919	35351474	2014-02-18 04:24:03	35351474
27766986	35349469	2014-02-18 03:32:45	35349469
27766986	35350535	2014-02-18 04:00:06	35350535
27766986	35846273	2014-02-23 22:32:20	35846273
27746787	35324405	2014-02-17 21:27:32	35324405
27746787	35334405	2014-02-17 23:56:20	35334405
27746787	35350842	2014-02-18 04:07:48	35350842
27746787	35351413	2014-02-18 04:22:56	35351413
27746787	35352675	2014-02-18 04:57:57	35352675
27745928	35319005	2014-02-17 20:16:53	35319005
27745928	35324234	2014-02-17 21:25:06	35324234
27388206	34813974	2014-02-11 22:07:16	34813974
27358575	35846861	2014-02-23 22:50:39	35846861
27358575	35846926	2014-02-23 22:53:11	35846926
27358575	35850339	2014-02-24 00:58:04	35850339
26294960	33300441	2014-01-25 20:58:09	33300441
26294960	34451029	2014-02-07 15:36:24	34451029
26294960	37044327	2014-03-07 17:04:59	37044327
26294960	37046510	2014-03-07 17:26:30	37046510
26294960	37051643	2014-03-07 18:17:10	37051643
26294960	37059374	2014-03-07 19:36:01	37059374
26294960	37061665	2014-03-07 19:58:31	37061665
26294960	37067859	2014-03-07 21:09:11	37067859
26294960	37072238	2014-03-07 21:57:08	37072238
26294960	37072565	2014-03-07 22:00:35	37072565
26294960	37073248	2014-03-07 22:07:58	37073248
26294960	37073735	2014-03-07 22:14:04	37073735
26294960	37073857	2014-03-07 22:15:37	37073857
26294960	37078004	2014-03-07 23:08:03	37078004
26294960	37078418	2014-03-07 23:14:06	37078418
26294960	37078446	2014-03-07 23:14:29	37078446
26294960	39779496	2014-04-07 20:30:04	39779496
26294960	39812419	2014-04-08 05:12:28	39812419
26294960	39987445	2014-04-09 16:47:41	39987445
26294960	40029868	2014-04-09 23:50:29	40029868
26294960	40074634	2014-04-10 13:01:00	40074634
26294960	40120791	2014-04-10 18:27:13	40120791
26294960	40121785	2014-04-10 18:35:20	40121785
26294960	40122398	2014-04-10 18:40:20	40122398
26294960	40124890	2014-04-10 19:01:48	40124890
26294960	40125088	2014-04-10 19:03:30	40125088
26294960	40195248	2014-04-11 11:47:12	40195248
26294960	40228138	2014-04-11 17:24:52	40228138
26294960	51226708	2014-08-05 16:56:36	51226708
26159094	33141680	2014-01-23 16:39:55	33141680
25776100	32581321	2014-01-17 05:36:44	32581321
25776100	32586392	2014-01-17 08:01:40	32586392
25776100	32636845	2014-01-17 19:08:05	32636845
25776100	53655248	2014-08-27 23:30:01	53655248
25776100	53655493	2014-08-27 23:33:04	53655493
24343821	30701799	2013-12-16 21:20:06	30701799
24343821	32073788	2014-01-10 22:37:26	32073788
24343821	32088372	2014-01-11 05:49:40	32088372
24088867	30353723	2013-12-11 19:23:23	30353723
23982926	30198318	2013-12-10 04:15:09	30198318
23982926	30208262	2013-12-10 08:47:38	30208262
23982926	30251380	2013-12-10 17:56:43	30251380
23552953	29640748	2013-12-02 17:54:20	29640748
23552953	29957717	2013-12-06 02:01:22	29957717
23552953	30198057	2013-12-10 04:08:52	30198057
23552953	30902631	2013-12-19 03:29:41	30902631
23552953	30954137	2013-12-19 18:42:33	30954137
23552953	55206299	2014-09-11 01:03:37	55206299
23552953	55210678	2014-09-11 02:10:40	55210678
23198964	29308007	2013-11-26 16:37:41	29308007
23198964	30595698	2013-12-15 01:13:34	30595698
23198964	35176297	2014-02-16 03:29:35	35176297
23198964	53488832	2014-08-26 20:47:03	53488832
23198964	53491923	2014-08-26 21:04:10	53491923
23198964	53568255	2014-08-27 12:59:43	53568255
23198964	53584355	2014-08-27 14:54:43	53584355
23198964	53584984	2014-08-27 14:58:40	53584984
23198964	53587425	2014-08-27 15:13:47	53587425
23198964	55377621	2014-09-12 08:59:32	55377621
23198964	56460214	2014-09-22 23:45:33	56460214
23198964	56461516	2014-09-23 00:01:18	56461516
23198964	56462336	2014-09-23 00:11:28	56462336
23198964	56465963	2014-09-23 01:09:36	56465963
22686204	28515349	2013-11-14 19:37:46	28515349
22686204	28516413	2013-11-14 19:50:05	28516413
22686204	28526879	2013-11-14 21:56:50	28526879
22686204	28538399	2013-11-15 00:46:29	28538399
22686204	28540472	2013-11-15 01:28:30	28540472
22448544	28222713	2013-11-11 17:53:03	28222713
22448544	41048675	2014-04-22 14:47:44	41048675
21650580	27177689	2013-10-27 19:56:59	27177689
21650580	27178005	2013-10-27 20:10:25	27178005
21650580	27178081	2013-10-27 20:14:15	27178081
21650580	27178157	2013-10-27 20:17:43	27178157
21650580	27178510	2013-10-27 20:32:53	27178510
21650580	27178684	2013-10-27 20:41:15	27178684
21650580	27196265	2013-10-28 08:48:07	27196265
21650580	27198274	2013-10-28 09:32:33	27198274
21650580	27203030	2013-10-28 11:05:43	27203030
21650580	27203696	2013-10-28 11:18:51	27203696
21650580	27235123	2013-10-28 17:34:03	27235123
21650580	27246790	2013-10-28 19:28:54	27246790
21650580	27281754	2013-10-29 06:51:56	27281754
21650580	27284080	2013-10-29 08:01:53	27284080
21650580	27469923	2013-10-31 08:44:57	27469923
21650580	27497416	2013-10-31 15:47:26	27497416
21415559	26852306	2013-10-22 21:29:24	26852306
21415559	26862852	2013-10-22 23:15:58	26862852
21374304	26831891	2013-10-22 19:04:44	26831891
21374304	27957450	2013-11-07 12:08:16	27957450
21374304	68630609	2015-01-04 12:05:46	68630609
21374304	68660257	2015-01-05 01:57:12	68660257
21374304	68688749	2015-01-05 10:09:30	68688749
21374304	68741589	2015-01-05 17:20:54	68741589
21374304	68779870	2015-01-05 20:57:26	68779870
21374304	68815974	2015-01-06 02:09:05	68815974
21374170	26831692	2013-10-22 19:02:26	26831692
21374170	27959485	2013-11-07 12:45:42	27959485
21374170	27959526	2013-11-07 12:46:33	27959526
21340455	26757750	2013-10-21 21:20:34	26757750
21136858	26537870	2013-10-17 18:47:28	26537870
21136858	27456235	2013-10-31 02:09:34	27456235
21136858	27464411	2013-10-31 06:13:50	27464411
20697137	25915573	2013-10-08 18:32:06	25915573
20697137	40938938	2014-04-21 14:25:25	40938938
20697137	58151869	2014-10-07 08:23:10	58151869
20228222	25329478	2013-09-29 21:19:04	25329478
20079506	25194099	2013-09-26 19:02:39	25194099
20079506	25406584	2013-09-30 21:10:06	25406584
20079506	25416083	2013-09-30 23:48:43	25416083
20079506	28552079	2013-11-15 07:37:17	28552079
20079506	41330697	2014-04-24 20:53:31	41330697
19028434	23892990	2013-09-05 19:00:36	23892990
19028434	23904032	2013-09-05 21:42:17	23904032
19028434	23912725	2013-09-06 01:04:10	23912725
18953891	23767139	2013-09-04 05:39:49	23767139
18953891	23862199	2013-09-05 11:53:23	23862199
18953891	26292390	2013-10-14 21:58:45	26292390
18953891	26308111	2013-10-15 04:10:12	26308111
18953891	60376840	2014-10-24 11:49:43	60376840
18953891	62262894	2014-11-08 16:03:19	62262894
18953891	67774218	2014-12-21 15:43:55	67774218
18953891	68236187	2014-12-29 06:56:14	68236187
18953891	68707291	2015-01-05 13:29:01	68707291
18953891	68716840	2015-01-05 14:47:38	68716840
18953891	68723102	2015-01-05 15:28:24	68723102
18776088	23578518	2013-08-30 17:53:03	23578518
18776088	23605703	2013-08-31 12:48:41	23605703
18194215	22813980	2013-08-17 15:38:43	22813980
17874259	22409478	2013-08-09 17:14:35	22409478
17874259	22444118	2013-08-10 17:53:39	22444118
17874037	22409342	2013-08-09 17:12:21	22409342
17874037	22596908	2013-08-13 20:57:00	22596908
17828831	22365702	2013-08-08 23:22:59	22365702
17828831	22368199	2013-08-09 00:26:10	22368199
17828831	22439431	2013-08-10 13:04:15	22439431
17828831	22442633	2013-08-10 16:24:35	22442633
17828831	22445362	2013-08-10 19:06:23	22445362
17338284	21738712	2013-07-29 18:01:50	21738712
17338284	21773351	2013-07-30 07:10:17	21773351
17338284	24481807	2013-09-15 22:20:17	24481807
17338284	24491301	2013-09-16 06:42:27	24491301
17338284	25951305	2013-10-09 07:21:45	25951305
17338284	26016528	2013-10-09 23:00:58	26016528
17338284	26489412	2013-10-17 09:14:41	26489412
17338284	37094975	2014-03-08 11:00:52	37094975
17338284	37108349	2014-03-08 20:09:45	37108349
17338284	60330106	2014-10-24 00:35:41	60330106
16716902	20924660	2013-07-13 18:57:19	20924660
16716902	20926466	2013-07-13 20:47:38	20926466
16716902	20926841	2013-07-13 21:12:38	20926841
16716902	20926863	2013-07-13 21:13:55	20926863
15433925	19361543	2013-06-12 23:06:58	19361543
15433925	19369453	2013-06-13 02:56:53	19369453
15433925	19415239	2013-06-13 18:44:49	19415239
15433925	24452734	2013-09-14 18:31:55	24452734
15433925	26793391	2013-10-22 10:55:10	26793391
15433925	26832179	2013-10-22 19:08:21	26832179
15432832	19361164	2013-06-12 22:57:22	19361164
15432832	19368132	2013-06-13 02:13:35	19368132
15432832	19372345	2013-06-13 05:07:58	19372345
15432832	19372367	2013-06-13 05:09:04	19372367
15432832	19373163	2013-06-13 05:41:24	19373163
15432832	19415752	2013-06-13 18:52:20	19415752
15302029	19152112	2013-06-08 17:18:46	19152112
15300577	51611713	2014-08-08 14:48:00	51611713
15300577	51612549	2014-08-08 14:54:31	51612549
15300577	51614670	2014-08-08 15:10:32	51614670
15300577	51616090	2014-08-08 15:21:38	51616090
15209527	19057838	2013-06-06 16:39:03	19057838
15161943	18990986	2013-06-05 16:48:07	18990986
15161943	19004166	2013-06-05 19:57:28	19004166
15161943	19005720	2013-06-05 20:20:39	19005720
15161943	19006213	2013-06-05 20:29:00	19006213
15161943	19197301	2013-06-10 13:10:00	19197301
15161943	19217733	2013-06-10 18:37:22	19217733
15161943	19219213	2013-06-10 19:03:04	19219213
15130635	18944848	2013-06-04 22:51:51	18944848
15101346	18922359	2013-06-04 16:46:00	18922359
15101346	18944558	2013-06-04 22:45:25	18944558
15101346	18947176	2013-06-04 23:51:32	18947176
15101346	18947911	2013-06-05 00:12:46	18947911
15101346	18948261	2013-06-05 00:22:10	18948261
15101346	18948638	2013-06-05 00:33:00	18948638
15101346	18991263	2013-06-05 16:52:23	18991263
15101346	19697498	2013-06-19 16:56:15	19697498
15101346	19700976	2013-06-19 17:48:33	19700976
15059253	18872355	2013-06-03 21:24:14	18872355
14924948	18662291	2013-05-30 05:29:32	18662291
14924948	18663006	2013-05-30 06:00:25	18663006
14924948	18678469	2013-05-30 13:02:04	18678469
14924948	18689286	2013-05-30 15:49:29	18689286
14924948	19020750	2013-06-06 02:03:03	19020750
14924948	19021602	2013-06-06 02:32:17	19021602
14924948	19196753	2013-06-10 12:57:40	19196753
14924948	19218080	2013-06-10 18:43:31	19218080
14914072	18651786	2013-05-29 22:59:45	18651786
14914072	19103938	2013-06-07 12:26:34	19103938
14842449	18563795	2013-05-28 16:49:59	18563795
14842449	18590982	2013-05-29 01:31:27	18590982
14842449	18593246	2013-05-29 02:55:17	18593246
14193432	17745157	2013-05-10 21:18:46	17745157
14193432	18455254	2013-05-25 22:52:06	18455254
14193432	18457294	2013-05-26 03:14:50	18457294
14193432	18924211	2013-06-04 17:14:06	18924211
14193432	18937450	2013-06-04 20:39:56	18937450
14098959	17607485	2013-05-08 14:01:55	17607485
14098959	17622387	2013-05-08 17:51:05	17622387
14098959	17639110	2013-05-08 22:52:53	17639110
14098959	17639848	2013-05-08 23:10:55	17639848
14098959	17642936	2013-05-09 00:37:20	17642936
14098959	17678741	2013-05-09 17:51:49	17678741
14021484	17630353	2013-05-08 20:05:48	17630353
14021484	17632402	2013-05-08 20:41:29	17632402
14021484	17636410	2013-05-08 21:50:56	17636410
14021484	17736334	2013-05-10 18:22:54	17736334
13028192	16188662	2013-04-10 17:22:02	16188662
12052902	14974287	2013-03-15 17:32:02	14974287
12052902	14975749	2013-03-15 17:59:40	14975749
12052902	14975826	2013-03-15 18:00:59	14975826
12052902	14976521	2013-03-15 18:13:38	14976521
11889626	14815976	2013-03-13 01:04:52	14815976
11889626	14816023	2013-03-13 01:06:27	14816023
11517062	14259883	2013-02-28 21:52:06	14259883
11517062	14277166	2013-03-01 08:05:32	14277166
11517062	14277340	2013-03-01 08:12:54	14277340
11517062	14307352	2013-03-01 19:41:31	14307352
11517062	14308054	2013-03-01 19:55:53	14308054
11517062	42164870	2014-05-05 07:34:48	42164870
11517062	42248877	2014-05-05 22:33:30	42248877
11515988	14815666	2013-03-13 00:54:15	14815666
11515988	14815703	2013-03-13 00:55:40	14815703
11515988	14816017	2013-03-13 01:06:22	14816017
11515988	68236420	2014-12-29 07:02:54	68236420
11515981	39095870	2014-03-31 14:40:22	39095870
11515981	61711890	2014-11-04 20:49:28	61711890
11515981	63228926	2014-11-16 17:33:35	63228926
11515966	26482621	2013-10-17 06:51:50	26482621
11515966	26537534	2013-10-17 18:43:27	26537534
11515962	19535840	2013-06-17 09:57:43	19535840
11515962	19580885	2013-06-17 23:03:57	19580885
11515962	19580938	2013-06-17 23:05:29	19580938
11515962	19581172	2013-06-17 23:11:26	19581172
11515962	19585239	2013-06-18 01:08:07	19585239
11515962	52565380	2014-08-18 22:37:26	52565380
11515962	52566083	2014-08-18 22:45:05	52566083
11515962	52606993	2014-08-19 08:57:48	52606993
11515962	52665492	2014-08-19 17:04:07	52665492
11515962	52666514	2014-08-19 17:11:25	52666514
11515949	28265069	2013-11-12 03:25:26	28265069
11515949	32925136	2014-01-21 18:50:44	32925136
11515942	24497088	2013-09-16 09:08:42	24497088
11515941	14684992	2013-03-10 17:23:39	14684992
11515924	19007572	2013-06-05 20:51:15	19007572
11515924	36624641	2014-03-04 13:45:26	36624641
11515922	14946837	2013-03-15 07:29:59	14946837
11515922	29890102	2013-12-05 11:24:54	29890102
11515922	29956645	2013-12-06 01:37:24	29956645
11515922	38997156	2014-03-29 14:32:36	38997156
11515922	38999352	2014-03-29 15:48:54	38999352
11515920	17113306	2013-04-27 09:31:56	17113306
11515920	17121275	2013-04-27 18:53:39	17121275
11515918	15632327	2013-03-29 08:19:42	15632327
11515918	15680743	2013-03-30 19:53:29	15680743
11515918	15680947	2013-03-30 20:08:54	15680947
11515918	15707723	2013-04-01 08:27:52	15707723
11515918	15708873	2013-04-01 08:53:05	15708873
11515918	15714966	2013-04-01 13:21:16	15714966
11515918	38617452	2014-03-25 20:38:48	38617452
11515915	49752335	2014-07-22 15:10:29	49752335
11515915	49851848	2014-07-23 09:30:39	49851848
11515913	43529488	2014-05-19 16:59:48	43529488
11515909	46760154	2014-06-21 17:50:52	46760154
11515909	66920950	2014-12-14 17:35:43	66920950
11515909	66949190	2014-12-15 04:37:48	66949190
11515908	17119220	2013-04-27 16:46:35	17119220
11515908	17121252	2013-04-27 18:52:07	17121252
11515908	17123689	2013-04-27 21:32:51	17123689
11515908	17123710	2013-04-27 21:34:25	17123710
11515908	24478044	2013-09-15 19:22:08	24478044
11515908	24481921	2013-09-15 22:27:10	24481921
11515908	30163488	2013-12-09 19:14:01	30163488
11515908	30227259	2013-12-10 13:39:04	30227259
11515908	31398966	2013-12-31 15:41:56	31398966
11515908	31422026	2014-01-01 12:06:34	31422026
11515908	32125730	2014-01-12 16:05:10	32125730
11515908	32146628	2014-01-13 05:42:43	32146628
11515908	33616838	2014-01-29 18:53:31	33616838
11515908	64584965	2014-11-26 11:42:03	64584965
11515901	66680462	2014-12-11 20:11:32	66680462
11515897	17568405	2013-05-07 20:31:39	17568405
11515897	17569437	2013-05-07 20:47:40	17569437
11515897	17623744	2013-05-08 18:14:54	17623744
11515897	17626273	2013-05-08 18:52:57	17626273
11515897	29326107	2013-11-26 19:46:38	29326107
11515897	41046415	2014-04-22 14:30:51	41046415
11515897	41077426	2014-04-22 18:37:31	41077426
11515897	41096471	2014-04-22 21:13:02	41096471
11515888	15848567	2013-04-03 16:47:37	15848567
11515888	15848768	2013-04-03 16:51:25	15848768
11515888	16019158	2013-04-07 17:23:27	16019158
11515888	16020427	2013-04-07 18:29:32	16020427
11515888	16029809	2013-04-08 02:32:42	16029809
11515888	16029911	2013-04-08 02:38:37	16029911
11515888	16035580	2013-04-08 07:05:48	16035580
11515888	16064701	2013-04-08 17:20:44	16064701
11515888	16071170	2013-04-08 19:01:45	16071170
11515888	16073129	2013-04-08 19:33:49	16073129
11515888	16250909	2013-04-11 17:55:38	16250909
11515888	16395441	2013-04-15 16:23:20	16395441
11515888	16395976	2013-04-15 16:32:31	16395976
11515888	16518599	2013-04-17 16:59:33	16518599
11515888	16519004	2013-04-17 17:06:54	16519004
11515888	16519349	2013-04-17 17:13:42	16519349
11515888	16519567	2013-04-17 17:17:49	16519567
11515888	16868337	2013-04-23 16:11:51	16868337
11515888	16871740	2013-04-23 17:03:23	16871740
11515888	16903216	2013-04-24 01:26:57	16903216
11515888	16934781	2013-04-24 14:37:26	16934781
11515888	16937366	2013-04-24 15:15:04	16937366
11515888	16951155	2013-04-24 17:36:14	16951155
11515888	16962885	2013-04-24 20:33:42	16962885
11515888	16965490	2013-04-24 21:09:25	16965490
11515888	16966707	2013-04-24 21:21:22	16966707
11515888	16972708	2013-04-24 22:09:35	16972708
11515888	17744594	2013-05-10 21:05:38	17744594
11515888	17744711	2013-05-10 21:08:06	17744711
11515888	17903572	2013-05-14 20:40:13	17903572
11515888	17906508	2013-05-14 21:27:50	17906508
11515888	17911670	2013-05-14 23:22:54	17911670
11515888	18414680	2013-05-24 16:14:03	18414680
11515888	18415778	2013-05-24 16:33:12	18415778
11515888	18416170	2013-05-24 16:39:27	18416170
11515888	28633353	2013-11-16 19:06:05	28633353
11515888	28669750	2013-11-18 01:14:33	28669750
11515888	30084497	2013-12-08 16:07:14	30084497
11515888	36700940	2014-03-05 01:31:17	36700940
11515888	37182879	2014-03-10 13:43:56	37182879
11515888	63222089	2014-11-16 15:07:01	63222089
11515888	63230618	2014-11-16 18:10:49	63230618
11515888	63234567	2014-11-16 19:32:53	63234567
11515832	38626275	2014-03-25 21:57:23	38626275
11515832	43612595	2014-05-20 11:12:36	43612595
11515832	43649595	2014-05-20 16:30:50	43649595
11515832	43736017	2014-05-21 09:59:11	43736017
11515832	43796389	2014-05-21 18:31:39	43796389
11515832	45202802	2014-06-05 10:16:10	45202802
11515832	45243479	2014-06-05 16:39:39	45243479
11515832	45356353	2014-06-06 16:26:33	45356353
11515832	45366005	2014-06-06 17:57:23	45366005
11515832	45959691	2014-06-12 23:15:59	45959691
11515832	46218696	2014-06-16 18:51:34	46218696
11515832	52453801	2014-08-18 05:34:52	52453801
11515832	53943469	2014-08-30 00:36:57	53943469
11515832	53943934	2014-08-30 00:49:30	53943934
11515832	53944117	2014-08-30 00:54:59	53944117
11515832	63184222	2014-11-15 19:11:09	63184222
11515832	63260278	2014-11-17 05:05:00	63260278
11515831	24255219	2013-09-11 16:33:46	24255219
11515831	24255984	2013-09-11 16:43:50	24255984
11515831	24256813	2013-09-11 16:54:40	24256813
11515831	24257470	2013-09-11 17:03:13	24257470
11515831	24263473	2013-09-11 18:18:49	24263473
11515831	24331365	2013-09-12 15:40:17	24331365
11515831	24338355	2013-09-12 17:09:20	24338355
11515831	24341167	2013-09-12 17:46:50	24341167
11515831	24341823	2013-09-12 17:54:53	24341823
11515831	24384984	2013-09-13 10:09:49	24384984
11515831	26485998	2013-10-17 08:11:07	26485998
11515831	26486608	2013-10-17 08:22:47	26486608
11515831	27480416	2013-10-31 12:05:35	27480416
11515831	27638579	2013-11-03 04:08:00	27638579
11515831	28125031	2013-11-09 11:25:48	28125031
11515831	28128057	2013-11-09 14:13:58	28128057
11515831	28631080	2013-11-16 17:17:48	28631080
11515831	28669574	2013-11-18 01:07:09	28669574
11515831	28675695	2013-11-18 05:09:44	28675695
11515831	28692464	2013-11-18 11:54:35	28692464
11515831	32073537	2014-01-10 22:34:42	32073537
11515831	32901448	2014-01-21 16:25:35	32901448
11515831	34932571	2014-02-12 23:44:19	34932571
11515831	34939334	2014-02-13 01:28:59	34939334
11515831	34972898	2014-02-13 12:17:43	34972898
11515831	34973186	2014-02-13 12:22:29	34973186
11515831	34974502	2014-02-13 12:44:42	34974502
11515831	34994691	2014-02-13 16:16:59	34994691
11515831	34996189	2014-02-13 16:29:51	34996189
11515831	34996743	2014-02-13 16:34:17	34996743
11515831	34998932	2014-02-13 16:52:19	34998932
11515831	35006896	2014-02-13 18:04:19	35006896
11515831	35034993	2014-02-13 22:37:34	35034993
11515831	35057496	2014-02-14 05:37:42	35057496
11515831	35217032	2014-02-16 21:59:42	35217032
11515831	35219887	2014-02-16 23:26:21	35219887
11515831	36403667	2014-02-28 23:01:28	36403667
11515831	36403804	2014-02-28 23:03:48	36403804
11515831	36404184	2014-02-28 23:09:23	36404184
11515831	36405692	2014-02-28 23:32:01	36405692
11515831	36411573	2014-03-01 01:29:54	36411573
11515831	36538980	2014-03-03 18:08:21	36538980
11515831	36540846	2014-03-03 18:25:37	36540846
11515831	36569725	2014-03-03 22:38:26	36569725
11515831	36588087	2014-03-04 03:12:51	36588087
11515831	36648742	2014-03-04 17:12:15	36648742
11515831	36651070	2014-03-04 17:33:53	36651070
11515831	36651181	2014-03-04 17:34:58	36651181
11515831	37240400	2014-03-10 22:02:47	37240400
11515831	44789979	2014-06-01 21:30:15	44789979
11515831	44793839	2014-06-02 00:21:24	44793839
11515831	44816836	2014-06-02 09:19:25	44816836
11515831	44839460	2014-06-02 13:56:11	44839460
11515831	46424587	2014-06-18 11:39:23	46424587
11515831	46436875	2014-06-18 13:44:48	46436875
11515831	46761386	2014-06-21 18:40:48	46761386
11515831	46763752	2014-06-21 20:21:23	46763752
11394857	14142663	2013-02-26 22:03:08	14142663
11394857	14175692	2013-02-27 14:19:34	14175692
11394857	14191989	2013-02-27 18:57:20	14191989
11394857	14198569	2013-02-27 20:50:56	14198569
11394857	14215431	2013-02-28 03:53:41	14215431
11394857	14218586	2013-02-28 06:09:45	14218586
11394857	14521864	2013-03-06 19:48:37	14521864
11394857	14533249	2013-03-06 23:29:17	14533249
11394857	14536186	2013-03-07 00:43:37	14536186
11394857	14670966	2013-03-09 21:21:48	14670966
11394857	14672200	2013-03-09 22:38:14	14672200
11394857	14674548	2013-03-10 01:46:51	14674548
11394857	14676268	2013-03-10 04:39:39	14676268
11394857	14688700	2013-03-10 20:36:02	14688700
11394857	14689018	2013-03-10 20:52:45	14689018
11394857	15010651	2013-03-16 19:24:55	15010651
11394857	15011148	2013-03-16 19:57:16	15011148
11394857	15030693	2013-03-17 20:57:24	15030693
11394857	15034325	2013-03-18 00:15:07	15034325
11394857	15099154	2013-03-19 06:16:18	15099154
11394857	15100875	2013-03-19 07:34:32	15100875
11394857	15214512	2013-03-21 01:27:10	15214512
